{
	"fx": 600.0,
	"fy": 600.0,
	"cx": 599.5,
	"cy": 339.5,
	"k1": 0.00023840576144970707,
	"k2": -0.00031479749960004814,
	"k3": 0,
	"p1": -7.392305313239943e-05,
	"p2": -2.771600122416197e-05,
	"H": 680,
	"W": 1200,
	"image_topic": "/image_raw",
	"pose_topic": "/pose",
	"pcd_topic": "/pcd"
}