{
	"fx": 517.306408,
	"fy": 516.469215,
	"cx": 318.643040,
	"cy": 255.313989,
	"k1": 0.262383,
	"k2": -0.953104,
	"k3": 1.163314,
	"p1": -0.005358,
	"p2": 0.002628,
	"H": 480,
	"W": 640,
	"image_topic": "/image_raw",
	"pose_topic": "/pose",
	"pcd_topic": "/pcd"
}