{
	"fx": 261.41455078125,
	"fy": 261.41455078125,
	"cx": 337.6716003417969,
	"cy": 189.0532684326172,
	"k1": 0.0,
	"k2": 0.0,
	"k3": 0.0,
	"p1": 0.0,
	"p2": 0.0,
	"H": 376,
	"W": 672,
	"image_topic": "/image_raw",
	"pose_topic": "/pose",
	"pcd_topic": "/pcd"
}